{
  "timestamp": 1762210264.799512,
  "channel_windows": {
    "default": [
      {
        "rotation_id": "c3e73603-624e-48dc-8b54-9fe828b12e23",
        "issued_at": 1762210264.798303,
        "valid_until": 1762210564.798303
      }
    ]
  }
}